<?xml version="1.0" ?>
<LOG_ROOT>
	<PROJECT NAME="top_fpga">
		<CBX_INST_ENTRY INSTANCE_NAME="|top_fpga|hdmi_ctrl:hdmi_ctrl_inst|par_to_ser:par_to_ser_inst0|ddio_out:ddio_out_inst1|altddio_out:ALTDDIO_OUT_component" CBX_FILE_NAME="ddio_out_p9j.tdf"/>
		<CBX_INST_ENTRY INSTANCE_NAME="|top_fpga|hdmi_ctrl:hdmi_ctrl_inst|par_to_ser:par_to_ser_inst1|ddio_out:ddio_out_inst0|altddio_out:ALTDDIO_OUT_component" CBX_FILE_NAME="ddio_out_p9j.tdf"/>
		<CBX_INST_ENTRY INSTANCE_NAME="|top_fpga|hdmi_ctrl:hdmi_ctrl_inst|par_to_ser:par_to_ser_inst0|ddio_out:ddio_out_inst0|altddio_out:ALTDDIO_OUT_component" CBX_FILE_NAME="ddio_out_p9j.tdf"/>
		<CBX_INST_ENTRY INSTANCE_NAME="|top_fpga|hdmi_ctrl:hdmi_ctrl_inst|par_to_ser:par_to_ser_inst1|ddio_out:ddio_out_inst1|altddio_out:ALTDDIO_OUT_component" CBX_FILE_NAME="ddio_out_p9j.tdf"/>
		<CBX_INST_ENTRY INSTANCE_NAME="|top_fpga|hdmi_ctrl:hdmi_ctrl_inst|par_to_ser:par_to_ser_inst2|ddio_out:ddio_out_inst0|altddio_out:ALTDDIO_OUT_component" CBX_FILE_NAME="ddio_out_p9j.tdf"/>
		<CBX_INST_ENTRY INSTANCE_NAME="|top_fpga|hdmi_ctrl:hdmi_ctrl_inst|par_to_ser:par_to_ser_inst3|ddio_out:ddio_out_inst1|altddio_out:ALTDDIO_OUT_component" CBX_FILE_NAME="ddio_out_p9j.tdf"/>
		<CBX_INST_ENTRY INSTANCE_NAME="|top_fpga|my_pll:my_pll_inst|altpll:altpll_component" CBX_FILE_NAME="my_pll_altpll.v"/>
		<CBX_INST_ENTRY INSTANCE_NAME="|top_fpga|hdmi_ctrl:hdmi_ctrl_inst|par_to_ser:par_to_ser_inst2|ddio_out:ddio_out_inst1|altddio_out:ALTDDIO_OUT_component" CBX_FILE_NAME="ddio_out_p9j.tdf"/>
		<CBX_INST_ENTRY INSTANCE_NAME="|top_fpga|hdmi_ctrl:hdmi_ctrl_inst|par_to_ser:par_to_ser_inst3|ddio_out:ddio_out_inst0|altddio_out:ALTDDIO_OUT_component" CBX_FILE_NAME="ddio_out_p9j.tdf"/>
	</PROJECT>
</LOG_ROOT>
