<?xml version="1.0" ?>
<LOG_ROOT>
	<PROJECT NAME="top_fpga">
		<CBX_INST_ENTRY INSTANCE_NAME="|top_fpga|vip_top:vip_top_inst|filter_sobel:filter_sobel_inst|alt_sqrt:alt_sqrt_inst|altsqrt:ALTSQRT_component|lpm_add_sub:subtractors[7]" CBX_FILE_NAME="add_sub_nqc.tdf"/>
		<CBX_INST_ENTRY INSTANCE_NAME="|top_fpga|alt_pll:alt_pll_inst|altpll:altpll_component" CBX_FILE_NAME="alt_pll_altpll.v"/>
		<CBX_INST_ENTRY INSTANCE_NAME="|top_fpga|cmos1_fifo:cmos1_fifo_inst|dcfifo:dcfifo_component" CBX_FILE_NAME="dcfifo_agq1.tdf"/>
		<CBX_INST_ENTRY INSTANCE_NAME="|top_fpga|vip_top:vip_top_inst|filter_sobel:filter_sobel_inst|alt_sqrt:alt_sqrt_inst|altsqrt:ALTSQRT_component|lpm_add_sub:subtractors[0]" CBX_FILE_NAME="add_sub_8pc.tdf"/>
		<CBX_INST_ENTRY INSTANCE_NAME="|top_fpga|vip_top:vip_top_inst|filter_sobel:filter_sobel_inst|alt_sqrt:alt_sqrt_inst|altsqrt:ALTSQRT_component|lpm_add_sub:subtractors[8]" CBX_FILE_NAME="add_sub_oqc.tdf"/>
		<CBX_INST_ENTRY INSTANCE_NAME="|top_fpga|vip_top:vip_top_inst|filter_sobel:filter_sobel_inst|shift_ram:shift_ram_inst|altshift_taps:ALTSHIFT_TAPS_component" CBX_FILE_NAME="shift_taps_8rv.tdf"/>
		<CBX_INST_ENTRY INSTANCE_NAME="|top_fpga|vip_top:vip_top_inst|gray:gray_inst|dpram:dpram_inst|altsyncram:altsyncram_component" CBX_FILE_NAME="altsyncram_59r1.tdf"/>
		<CBX_INST_ENTRY INSTANCE_NAME="|top_fpga|vip_top:vip_top_inst|filter_sobel:filter_sobel_inst|alt_sqrt:alt_sqrt_inst|altsqrt:ALTSQRT_component|lpm_add_sub:subtractors[10]" CBX_FILE_NAME="add_sub_qqc.tdf"/>
		<CBX_INST_ENTRY INSTANCE_NAME="|top_fpga|vip_top:vip_top_inst|filter_sobel:filter_sobel_inst|alt_sqrt:alt_sqrt_inst|altsqrt:ALTSQRT_component|lpm_add_sub:subtractors[1]" CBX_FILE_NAME="add_sub_apc.tdf"/>
		<CBX_INST_ENTRY INSTANCE_NAME="|top_fpga|vip_top:vip_top_inst|filter_sobel:filter_sobel_inst|alt_sqrt:alt_sqrt_inst|altsqrt:ALTSQRT_component|lpm_add_sub:subtractors[5]" CBX_FILE_NAME="add_sub_epc.tdf"/>
		<CBX_INST_ENTRY INSTANCE_NAME="|top_fpga|vip_top:vip_top_inst|filter_sobel:filter_sobel_inst|alt_sqrt:alt_sqrt_inst|altsqrt:ALTSQRT_component|lpm_add_sub:subtractors[9]" CBX_FILE_NAME="add_sub_pqc.tdf"/>
		<CBX_INST_ENTRY INSTANCE_NAME="|top_fpga|vip_top:vip_top_inst|filter_sobel:filter_sobel_inst|lpm_mult:Mult0" CBX_FILE_NAME="mult_sct.tdf"/>
		<CBX_INST_ENTRY INSTANCE_NAME="|top_fpga|vip_top:vip_top_inst|filter_sobel:filter_sobel_inst|alt_sqrt:alt_sqrt_inst|altsqrt:ALTSQRT_component|lpm_add_sub:subtractors[11]" CBX_FILE_NAME="add_sub_rqc.tdf"/>
		<CBX_INST_ENTRY INSTANCE_NAME="|top_fpga|vip_top:vip_top_inst|filter_sobel:filter_sobel_inst|alt_sqrt:alt_sqrt_inst|altsqrt:ALTSQRT_component|lpm_add_sub:subtractors[2]" CBX_FILE_NAME="add_sub_bpc.tdf"/>
		<CBX_INST_ENTRY INSTANCE_NAME="|top_fpga|vip_top:vip_top_inst|filter_sobel:filter_sobel_inst|alt_sqrt:alt_sqrt_inst|altsqrt:ALTSQRT_component|lpm_add_sub:subtractors[6]" CBX_FILE_NAME="add_sub_fpc.tdf"/>
		<CBX_INST_ENTRY INSTANCE_NAME="|top_fpga|vip_top:vip_top_inst|filter_sobel:filter_sobel_inst|lpm_mult:Mult1" CBX_FILE_NAME="mult_vct.tdf"/>
		<CBX_INST_ENTRY INSTANCE_NAME="|top_fpga|vip_top:vip_top_inst|filter_sobel:filter_sobel_inst|alt_sqrt:alt_sqrt_inst|altsqrt:ALTSQRT_component|lpm_add_sub:subtractors[3]" CBX_FILE_NAME="add_sub_cpc.tdf"/>
		<CBX_INST_ENTRY INSTANCE_NAME="|top_fpga|vip_top:vip_top_inst|filter_sobel:filter_sobel_inst|lpm_mult:Mult2" CBX_FILE_NAME="mult_sct.tdf"/>
		<CBX_INST_ENTRY INSTANCE_NAME="|top_fpga|vip_top:vip_top_inst|filter_erode:filter_erode_inst|shift_ram:shift_ram_inst|altshift_taps:ALTSHIFT_TAPS_component" CBX_FILE_NAME="shift_taps_8rv.tdf"/>
		<CBX_INST_ENTRY INSTANCE_NAME="|top_fpga|vip_top:vip_top_inst|filter_sobel:filter_sobel_inst|alt_sqrt:alt_sqrt_inst|altsqrt:ALTSQRT_component|lpm_add_sub:subtractors[4]" CBX_FILE_NAME="add_sub_dpc.tdf"/>
		<CBX_INST_ENTRY INSTANCE_NAME="|top_fpga|vip_top:vip_top_inst|filter_sobel:filter_sobel_inst|lpm_mult:Mult3" CBX_FILE_NAME="mult_vct.tdf"/>
	</PROJECT>
</LOG_ROOT>
