<?xml version="1.0" encoding="UTF-8"?>
<preferences>
 <debug showDebugMenu="0" />
 <systemtable>
  <columns>
   <connections preferredWidth="63" />
   <irq preferredWidth="34" />
  </columns>
 </systemtable>
 <clocktable>
  <columns>
   <clockname preferredWidth="175" />
   <clocksource preferredWidth="174" />
   <frequency preferredWidth="155" />
  </columns>
 </clocktable>
 <window width="1936" height="1056" x="-8" y="-8" />
 <library
   expandedCategories="Library/Verification,Library/Interface Protocols,Project,Library,Library/Bridges,Library/Verification/Debug &amp; Performance,Library/Bridges/Memory-Mapped,Library/Interface Protocols/Serial" />
</preferences>
