<?xml version="1.0" ?>
<LOG_ROOT>
	<PROJECT NAME="top_fpga">
		<CBX_INST_ENTRY INSTANCE_NAME="|top_fpga|vip_top:vip_top_inst|awb:awb_inst|lpm_divide:Div2" CBX_FILE_NAME="lpm_divide_nkm.tdf"/>
		<CBX_INST_ENTRY INSTANCE_NAME="|top_fpga|vip_top:vip_top_inst|awb:awb_inst|lpm_mult:Mult2" CBX_FILE_NAME="mult_7dt.tdf"/>
		<CBX_INST_ENTRY INSTANCE_NAME="|top_fpga|alt_pll:alt_pll_inst|altpll:altpll_component" CBX_FILE_NAME="alt_pll_altpll.v"/>
		<CBX_INST_ENTRY INSTANCE_NAME="|top_fpga|cmos1_fifo:cmos1_fifo_inst|dcfifo:dcfifo_component" CBX_FILE_NAME="dcfifo_agq1.tdf"/>
		<CBX_INST_ENTRY INSTANCE_NAME="|top_fpga|vip_top:vip_top_inst|awb:awb_inst|lpm_divide:Div1" CBX_FILE_NAME="lpm_divide_nkm.tdf"/>
		<CBX_INST_ENTRY INSTANCE_NAME="|top_fpga|vip_top:vip_top_inst|awb:awb_inst|lpm_divide:Div3" CBX_FILE_NAME="lpm_divide_nkm.tdf"/>
		<CBX_INST_ENTRY INSTANCE_NAME="|top_fpga|vip_top:vip_top_inst|awb:awb_inst|lpm_mult:Mult1" CBX_FILE_NAME="mult_7dt.tdf"/>
		<CBX_INST_ENTRY INSTANCE_NAME="|top_fpga|vip_top:vip_top_inst|awb:awb_inst|lpm_mult:Mult3" CBX_FILE_NAME="mult_cat.tdf"/>
		<CBX_INST_ENTRY INSTANCE_NAME="|top_fpga|vip_top:vip_top_inst|awb:awb_inst|lpm_divide:Div0" CBX_FILE_NAME="lpm_divide_nkm.tdf"/>
		<CBX_INST_ENTRY INSTANCE_NAME="|top_fpga|vip_top:vip_top_inst|awb:awb_inst|lpm_mult:Mult0" CBX_FILE_NAME="mult_7dt.tdf"/>
		<CBX_INST_ENTRY INSTANCE_NAME="|top_fpga|vip_top:vip_top_inst|awb:awb_inst|lpm_mult:Mult4" CBX_FILE_NAME="mult_7dt.tdf"/>
	</PROJECT>
</LOG_ROOT>
