<?xml version="1.0" ?>
<LOG_ROOT>
	<PROJECT NAME="top_fpga">
		<CBX_INST_ENTRY INSTANCE_NAME="|top_fpga|vip_top:vip_top_inst|filter_gauss:filter_gauss_inst|lpm_mult:Mult1|multcore:mult_core|mpar_add:padder|lpm_add_sub:adder[0]" CBX_FILE_NAME="add_sub_ngh.tdf"/>
		<CBX_INST_ENTRY INSTANCE_NAME="|top_fpga|vip_top:vip_top_inst|filter_gauss:filter_gauss_inst|lpm_mult:Mult5|multcore:mult_core|mpar_add:padder|lpm_add_sub:adder[0]" CBX_FILE_NAME="add_sub_ngh.tdf"/>
		<CBX_INST_ENTRY INSTANCE_NAME="|top_fpga|alt_pll:alt_pll_inst|altpll:altpll_component" CBX_FILE_NAME="alt_pll_altpll.v"/>
		<CBX_INST_ENTRY INSTANCE_NAME="|top_fpga|cmos1_fifo:cmos1_fifo_inst|dcfifo:dcfifo_component" CBX_FILE_NAME="dcfifo_agq1.tdf"/>
		<CBX_INST_ENTRY INSTANCE_NAME="|top_fpga|vip_top:vip_top_inst|filter_gauss:filter_gauss_inst|lpm_mult:Mult2|multcore:mult_core|mpar_add:padder|lpm_add_sub:adder[0]" CBX_FILE_NAME="add_sub_kgh.tdf"/>
		<CBX_INST_ENTRY INSTANCE_NAME="|top_fpga|vip_top:vip_top_inst|filter_gauss:filter_gauss_inst|lpm_mult:Mult6|multcore:mult_core|mpar_add:padder|lpm_add_sub:adder[0]" CBX_FILE_NAME="add_sub_kgh.tdf"/>
		<CBX_INST_ENTRY INSTANCE_NAME="|top_fpga|vip_top:vip_top_inst|filter_gauss:filter_gauss_inst|shift_ram:shift_ram_inst|altshift_taps:ALTSHIFT_TAPS_component" CBX_FILE_NAME="shift_taps_8rv.tdf"/>
		<CBX_INST_ENTRY INSTANCE_NAME="|top_fpga|vip_top:vip_top_inst|filter_middle:filter_middle_inst|shift_ram:shift_ram_inst|altshift_taps:ALTSHIFT_TAPS_component" CBX_FILE_NAME="shift_taps_8rv.tdf"/>
		<CBX_INST_ENTRY INSTANCE_NAME="|top_fpga|vip_top:vip_top_inst|gray:gray_inst|dpram:dpram_inst|altsyncram:altsyncram_component" CBX_FILE_NAME="altsyncram_59r1.tdf"/>
		<CBX_INST_ENTRY INSTANCE_NAME="|top_fpga|vip_top:vip_top_inst|filter_gauss:filter_gauss_inst|lpm_mult:Mult3|multcore:mult_core|mpar_add:padder|lpm_add_sub:adder[0]" CBX_FILE_NAME="add_sub_ngh.tdf"/>
		<CBX_INST_ENTRY INSTANCE_NAME="|top_fpga|vip_top:vip_top_inst|filter_gauss:filter_gauss_inst|lpm_mult:Mult7|multcore:mult_core|mpar_add:padder|lpm_add_sub:adder[0]" CBX_FILE_NAME="add_sub_ngh.tdf"/>
		<CBX_INST_ENTRY INSTANCE_NAME="|top_fpga|vip_top:vip_top_inst|filter_gauss:filter_gauss_inst|lpm_mult:Mult0|multcore:mult_core|mpar_add:padder|lpm_add_sub:adder[0]" CBX_FILE_NAME="add_sub_kgh.tdf"/>
		<CBX_INST_ENTRY INSTANCE_NAME="|top_fpga|vip_top:vip_top_inst|filter_gauss:filter_gauss_inst|lpm_mult:Mult4|multcore:mult_core|mpar_add:padder|lpm_add_sub:adder[0]" CBX_FILE_NAME="add_sub_qgh.tdf"/>
		<CBX_INST_ENTRY INSTANCE_NAME="|top_fpga|vip_top:vip_top_inst|filter_gauss:filter_gauss_inst|lpm_mult:Mult8|multcore:mult_core|mpar_add:padder|lpm_add_sub:adder[0]" CBX_FILE_NAME="add_sub_kgh.tdf"/>
	</PROJECT>
</LOG_ROOT>
