<?xml version="1.0" ?>
<LOG_ROOT>
	<PROJECT NAME="top_fpga">
		<CBX_INST_ENTRY INSTANCE_NAME="|top_fpga|vip_top:vip_top_inst|filter_close:filter_close_inst|filter_dilate:filter_dilate_inst|shift_ram:shift_ram_inst|altshift_taps:ALTSHIFT_TAPS_component" CBX_FILE_NAME="shift_taps_8rv.tdf"/>
		<CBX_INST_ENTRY INSTANCE_NAME="|top_fpga|vip_top:vip_top_inst|filter_close:filter_close_inst|filter_erode:filter_erode_inst|shift_ram:shift_ram_inst|altshift_taps:ALTSHIFT_TAPS_component" CBX_FILE_NAME="shift_taps_8rv.tdf"/>
		<CBX_INST_ENTRY INSTANCE_NAME="|top_fpga|alt_pll:alt_pll_inst|altpll:altpll_component" CBX_FILE_NAME="alt_pll_altpll.v"/>
		<CBX_INST_ENTRY INSTANCE_NAME="|top_fpga|cmos1_fifo:cmos1_fifo_inst|dcfifo:dcfifo_component" CBX_FILE_NAME="dcfifo_agq1.tdf"/>
		<CBX_INST_ENTRY INSTANCE_NAME="|top_fpga|vip_top:vip_top_inst|filter_close:filter_close_inst|filter_dilate:filter_dilate_inst|shift_ram:shift_ram_inst1|altshift_taps:ALTSHIFT_TAPS_component" CBX_FILE_NAME="shift_taps_8rv.tdf"/>
		<CBX_INST_ENTRY INSTANCE_NAME="|top_fpga|vip_top:vip_top_inst|gray:gray_inst|dpram:dpram_inst|altsyncram:altsyncram_component" CBX_FILE_NAME="altsyncram_59r1.tdf"/>
	</PROJECT>
</LOG_ROOT>
